{
	"LookAtStartTime": [
		0.4000000059604645
	],
	"RushLength": [
		40.0
	],
	"RushSpeed": [
		40.0
	],
	"RushStartTime": [
		1.399999976158142
	],
	"StayTime": [
		1.0
	]
}
