{
	"ColliderLength": [
		20.0
	],
	"LookAtStartTime": [
		0.20000000298023224
	],
	"RushLength": [
		50.0
	],
	"RushSpeed": [
		60.0
	],
	"RushStartTime": [
		1.0
	],
	"StayTime": [
		0.6000000238418579
	],
	"TurnTime": [
		1.0
	]
}
