{
	"halfway": [
		0.44200000166893005
	],
	"halfwayPoint": [
		2.0
	],
	"interpolation": [
		0.019999999552965164
	],
	"offset": [
		0.0,
		11.350000381469727,
		-51.900001525878906
	],
	"rotate": [
		1.1299999952316284,
		0.0,
		0.0
	]
}
