{
	"DefaultSize": [
		7.0
	],
	"EjectLengthParSecond": [
		5.0
	],
	"EjectMaxDistance": [
		20.0
	],
	"EjectMinDistance": [
		0.20000000298023224
	],
	"EjectPressTime": [
		3.0
	],
	"MaxSize": [
		5.0
	],
	"MinSize": [
		0.800000011920929
	],
	"ModelSize": [
		1.440000057220459
	],
	"MoveSpeed": [
		10.0
	],
	"SizeParSec": [
		5.0
	]
}
