{
	"DefaultSize": [
		7.0
	],
	"EjectLengthParSecond": [
		5.0
	],
	"EjectMaxDistance": [
		25.0
	],
	"EjectMinDistance": [
		0.6000000238418579
	],
	"EjectPressTime": [
		2.5
	],
	"MaxDamage": [
		3.0
	],
	"MaxSize": [
		5.0
	],
	"MinDamage": [
		0.6000000238418579
	],
	"MinSize": [
		0.800000011920929
	],
	"ModelSize": [
		1.440000057220459
	],
	"MoveSpeed": [
		10.0
	],
	"SizeParSec": [
		5.0
	]
}
