{
	"position0": [
		-8.399999618530273,
		0.0,
		-45.720001220703125
	],
	"position1": [
		-22.6200008392334,
		0.0,
		44.900001525878906
	],
	"position2": [
		-1.0,
		0.0,
		53.939998626708984
	],
	"position3": [
		45.220001220703125,
		0.0,
		13.020000457763672
	],
	"scale0": [
		1.0,
		1.0,
		1.0
	],
	"scale1": [
		1.0,
		1.399999976158142,
		1.0
	],
	"scale2": [
		1.0,
		1.0,
		1.0
	],
	"scale3": [
		1.0,
		1.0,
		1.0
	]
}
