{
	"position0": [
		-6.699999809265137,
		0.0,
		2.180000066757202
	],
	"position1": [
		-4.039999961853027,
		0.0,
		-1.440000057220459
	],
	"position2": [
		-7.539999961853027,
		0.0,
		-3.299999952316284
	],
	"position3": [
		0.0,
		0.0,
		-5.519999980926514
	],
	"scale0": [
		1.0,
		1.2000000476837158,
		1.0
	],
	"scale1": [
		1.0,
		0.800000011920929,
		1.0
	],
	"scale2": [
		1.0,
		1.399999976158142,
		1.0
	],
	"scale3": [
		1.0,
		1.0,
		1.0
	]
}
