{
	"position0": [
		-4.0,
		0.0,
		58.36000061035156
	],
	"position1": [
		-10.859999656677246,
		0.0,
		49.900001525878906
	],
	"position2": [
		-12.279999732971191,
		0.0,
		-50.63999938964844
	],
	"position3": [
		6.739999771118164,
		0.0,
		-50.7599983215332
	],
	"scale0": [
		1.0,
		1.0,
		1.0
	],
	"scale1": [
		1.0,
		1.0,
		1.0
	],
	"scale2": [
		1.0,
		1.0,
		1.0
	],
	"scale3": [
		1.0,
		1.0,
		1.0
	]
}
