{
	"position0": [
		-8.920000076293945,
		0.0,
		-30.65999984741211
	],
	"position1": [
		-6.340000152587891,
		0.0,
		29.299999237060547
	],
	"position2": [
		-14.520000457763672,
		0.0,
		-28.440000534057617
	],
	"position3": [
		18.219999313354492,
		0.0,
		27.899999618530273
	],
	"scale0": [
		1.0,
		1.0,
		1.0
	],
	"scale1": [
		1.0,
		1.0,
		1.0
	],
	"scale2": [
		1.0,
		1.0,
		1.0
	],
	"scale3": [
		1.0,
		1.0,
		1.0
	]
}
