{
	"position0": [
		33.040000915527344,
		0.0,
		-32.15999984741211
	],
	"position1": [
		24.959999084472656,
		0.0,
		-40.2400016784668
	],
	"position2": [
		-50.81999969482422,
		0.0,
		-6.260000228881836
	],
	"position3": [
		-15.5600004196167,
		0.0,
		43.959999084472656
	],
	"scale0": [
		1.0,
		1.100000023841858,
		1.0
	],
	"scale1": [
		1.0,
		0.8999999761581421,
		1.0
	],
	"scale2": [
		1.0,
		1.100000023841858,
		1.0
	],
	"scale3": [
		1.0,
		1.2000000476837158,
		1.0
	]
}
