{
	"position0": [
		5.659999847412109,
		0.0,
		47.97999954223633
	],
	"position1": [
		-15.720000267028809,
		0.0,
		-44.84000015258789
	],
	"position2": [
		-48.34000015258789,
		0.0,
		-10.859999656677246
	],
	"position3": [
		-40.939998626708984,
		0.0,
		22.360000610351563
	],
	"scale0": [
		1.0,
		1.2000000476837158,
		1.0
	],
	"scale1": [
		1.0,
		0.800000011920929,
		1.0
	],
	"scale2": [
		1.0,
		1.399999976158142,
		1.0
	],
	"scale3": [
		1.0,
		1.0,
		1.0
	]
}
