{
	"position0": [
		12.239999771118164,
		0.0,
		45.31999969482422
	],
	"position1": [
		43.7599983215332,
		0.0,
		-17.18000030517578
	],
	"position2": [
		38.220001220703125,
		0.0,
		-24.899999618530273
	],
	"position3": [
		11.600000381469727,
		0.0,
		53.2599983215332
	],
	"scale0": [
		1.0,
		1.0,
		1.0
	],
	"scale1": [
		1.0,
		1.2000000476837158,
		1.0
	],
	"scale2": [
		1.0,
		0.8999999761581421,
		1.0
	],
	"scale3": [
		1.0,
		1.0,
		1.0
	]
}
