{
	"position0": [
		0.0,
		0.0,
		-8.220000267028809
	],
	"position1": [
		-8.34000015258789,
		0.0,
		-0.41999998688697815
	],
	"position2": [
		0.0,
		0.0,
		0.0
	],
	"position3": [
		0.0,
		0.0,
		0.0
	],
	"scale0": [
		1.0,
		0.800000011920929,
		1.0
	],
	"scale1": [
		1.0,
		1.2000000476837158,
		1.0
	],
	"scale2": [
		1.0,
		1.100000023841858,
		1.0
	],
	"scale3": [
		1.0,
		1.399999976158142,
		1.0
	]
}
