{
	"position0": [
		13.479999542236328,
		0.0,
		-27.18000030517578
	],
	"position1": [
		-31.139999389648438,
		0.0,
		-2.140000104904175
	],
	"position2": [
		0.0,
		0.0,
		-30.399999618530273
	],
	"position3": [
		-28.079999923706055,
		0.0,
		-16.84000015258789
	],
	"scale0": [
		1.0,
		0.800000011920929,
		1.0
	],
	"scale1": [
		1.0,
		1.2000000476837158,
		1.0
	],
	"scale2": [
		1.0,
		1.100000023841858,
		1.0
	],
	"scale3": [
		1.0,
		1.399999976158142,
		1.0
	]
}
