{
	"position0": [
		3.880000114440918,
		0.0,
		2.819999933242798
	],
	"position1": [
		4.800000190734863,
		0.0,
		-4.880000114440918
	],
	"position2": [
		2.200000047683716,
		0.0,
		-4.900000095367432
	],
	"position3": [
		1.940000057220459,
		0.0,
		7.340000152587891
	],
	"scale0": [
		1.0,
		1.100000023841858,
		1.0
	],
	"scale1": [
		1.0,
		0.8999999761581421,
		1.0
	],
	"scale2": [
		1.0,
		1.100000023841858,
		1.0
	],
	"scale3": [
		1.0,
		1.2000000476837158,
		1.0
	]
}
