{
	"position0": [
		-23.979999542236328,
		0.0,
		-39.84000015258789
	],
	"position1": [
		5.980000019073486,
		0.0,
		-46.18000030517578
	],
	"position2": [
		-7.340000152587891,
		0.0,
		46.2599983215332
	],
	"position3": [
		19.940000534057617,
		0.0,
		44.560001373291016
	],
	"scale0": [
		1.0,
		1.5,
		1.0
	],
	"scale1": [
		1.0,
		0.9599999785423279,
		1.0
	],
	"scale2": [
		1.0,
		1.0,
		1.0
	],
	"scale3": [
		1.0,
		1.2000000476837158,
		1.0
	]
}
