{
	"position0": [
		16.200000762939453,
		0.0,
		-32.15999984741211
	],
	"position1": [
		33.47999954223633,
		0.0,
		-5.760000228881836
	],
	"position2": [
		-31.34000015258789,
		0.0,
		-14.5
	],
	"position3": [
		-11.479999542236328,
		0.0,
		31.639999389648438
	],
	"scale0": [
		1.0,
		1.100000023841858,
		1.0
	],
	"scale1": [
		1.0,
		0.8999999761581421,
		1.0
	],
	"scale2": [
		1.0,
		1.100000023841858,
		1.0
	],
	"scale3": [
		1.0,
		1.2000000476837158,
		1.0
	]
}
