{
	"position0": [
		-19.260000228881836,
		0.0,
		-28.760000228881836
	],
	"position1": [
		4.380000114440918,
		0.0,
		-36.779998779296875
	],
	"position2": [
		-30.860000610351563,
		0.0,
		13.380000114440918
	],
	"position3": [
		14.739999771118164,
		0.0,
		31.399999618530273
	],
	"scale0": [
		1.0,
		1.5,
		1.0
	],
	"scale1": [
		1.0,
		0.9599999785423279,
		1.0
	],
	"scale2": [
		1.0,
		1.0,
		1.0
	],
	"scale3": [
		1.0,
		1.2000000476837158,
		1.0
	]
}
