{
	"position0": [
		0.0,
		0.0,
		0.0
	],
	"position1": [
		-4.699999809265137,
		0.0,
		6.699999809265137
	],
	"position2": [
		-3.700000047683716,
		0.0,
		3.799999952316284
	],
	"position3": [
		5.019999980926514,
		0.0,
		4.840000152587891
	],
	"scale0": [
		1.0,
		1.0,
		1.0
	],
	"scale1": [
		1.0,
		1.2000000476837158,
		1.0
	],
	"scale2": [
		1.0,
		0.800000011920929,
		1.0
	],
	"scale3": [
		1.0,
		0.9399999976158142,
		1.0
	]
}
