{
	"position0": [
		-20.920000076293945,
		0.0,
		-43.119998931884766
	],
	"position1": [
		45.65999984741211,
		0.0,
		4.559999942779541
	],
	"position2": [
		-3.940000057220459,
		0.0,
		-49.41999816894531
	],
	"position3": [
		-46.08000183105469,
		0.0,
		6.880000114440918
	],
	"scale0": [
		1.0,
		1.0,
		1.0
	],
	"scale1": [
		1.0,
		1.2000000476837158,
		1.0
	],
	"scale2": [
		1.0,
		0.800000011920929,
		1.0
	],
	"scale3": [
		1.0,
		0.9399999976158142,
		1.0
	]
}
