{
	"position0": [
		-2.200000047683716,
		0.0,
		-34.15999984741211
	],
	"position1": [
		-17.579999923706055,
		0.0,
		28.700000762939453
	],
	"position2": [
		-1.2000000476837158,
		0.0,
		29.6200008392334
	],
	"position3": [
		28.34000015258789,
		0.0,
		13.020000457763672
	],
	"scale0": [
		1.0,
		1.0,
		1.0
	],
	"scale1": [
		1.0,
		1.399999976158142,
		1.0
	],
	"scale2": [
		1.0,
		1.0,
		1.0
	],
	"scale3": [
		1.0,
		1.0,
		1.0
	]
}
