{
	"position0": [
		-26.920000076293945,
		0.0,
		-25.68000030517578
	],
	"position1": [
		31.6200008392334,
		0.0,
		9.279999732971191
	],
	"position2": [
		-36.099998474121094,
		0.0,
		-1.8200000524520874
	],
	"position3": [
		-35.279998779296875,
		0.0,
		6.880000114440918
	],
	"scale0": [
		1.0,
		1.0,
		1.0
	],
	"scale1": [
		1.0,
		1.2000000476837158,
		1.0
	],
	"scale2": [
		1.0,
		0.800000011920929,
		1.0
	],
	"scale3": [
		1.0,
		0.9399999976158142,
		1.0
	]
}
