{
	"position0": [
		1.9800000190734863,
		0.0,
		1.399999976158142
	],
	"position1": [
		1.840000033378601,
		0.0,
		-2.359999895095825
	],
	"position2": [
		-2.299999952316284,
		0.0,
		1.0
	],
	"position3": [
		-0.5400000214576721,
		0.0,
		5.119999885559082
	]
}
