{
	"position0": [
		10.279999732971191,
		0.0,
		-31.399999618530273
	],
	"position1": [
		29.399999618530273,
		0.0,
		-11.899999618530273
	],
	"position2": [
		21.459999084472656,
		0.0,
		-24.899999618530273
	],
	"position3": [
		25.239999771118164,
		0.0,
		22.139999389648438
	],
	"scale0": [
		1.0,
		1.0,
		1.0
	],
	"scale1": [
		1.0,
		1.2000000476837158,
		1.0
	],
	"scale2": [
		1.0,
		0.8999999761581421,
		1.0
	],
	"scale3": [
		1.0,
		1.0,
		1.0
	]
}
