{
	"position0": [
		16.079999923706055,
		0.0,
		-44.81999969482422
	],
	"position1": [
		-49.02000045776367,
		0.0,
		0.14000000059604645
	],
	"position2": [
		0.0,
		0.0,
		-46.720001220703125
	],
	"position3": [
		-44.400001525878906,
		0.0,
		-16.959999084472656
	],
	"scale0": [
		1.0,
		0.800000011920929,
		1.0
	],
	"scale1": [
		1.0,
		1.2000000476837158,
		1.0
	],
	"scale2": [
		1.0,
		1.100000023841858,
		1.0
	],
	"scale3": [
		1.0,
		1.399999976158142,
		1.0
	]
}
