{
	"Transform": {
		"rotate": {
			"w": -0.029199600219726563,
			"x": 0.0,
			"y": 0.9995731115341187,
			"z": 0.0
		},
		"scale": {
			"x": 2.5,
			"y": 2.5,
			"z": 2.5
		},
		"translate": {
			"x": 0.0,
			"y": 0.0,
			"z": 0.0
		}
	},
	"UVTransform": {
		"rotate": 0.0,
		"scale": {
			"x": 1.0,
			"y": 1.0
		},
		"translate": {
			"x": 0.0,
			"y": 0.0
		}
	},
	"color": {
		"a": 1.0,
		"b": 1.0,
		"g": 1.0,
		"r": 1.0
	},
	"material": {
		"metallic": 0.8399999737739563,
		"roughness": 0.8899999856948853
	}
}
