{
	"Transform": {
		"rotate": {
			"w": -0.2736909091472626,
			"x": 0.0,
			"y": -0.9617013931274414,
			"z": 0.0
		},
		"scale": {
			"x": 1.0,
			"y": 1.0,
			"z": 1.0
		},
		"translate": {
			"x": 2.529301881790161,
			"y": 0.0,
			"z": -3.1648268699645996
		}
	},
	"UVTransform": {
		"rotate": 0.0,
		"scale": {
			"x": 1.0,
			"y": 1.0
		},
		"translate": {
			"x": 0.0,
			"y": 0.0
		}
	},
	"color": {
		"a": 1.0,
		"b": 1.0,
		"g": 1.0,
		"r": 1.0
	},
	"material": {
		"metallic": 0.8399999737739563,
		"roughness": 0.8899999856948853
	}
}
