{
	"Transform": {
		"rotate": {
			"w": 1.0,
			"x": 0.0,
			"y": 0.0,
			"z": 0.0
		},
		"scale": {
			"x": 1.0,
			"y": 1.0,
			"z": 1.0
		},
		"translate": {
			"x": 0.0,
			"y": 1.7400000095367432,
			"z": 0.0
		}
	},
	"UVTransform": {
		"rotate": 0.0,
		"scale": {
			"x": 1.0,
			"y": 1.0
		},
		"translate": {
			"x": 0.0,
			"y": 0.0
		}
	},
	"color": {
		"a": 1.0,
		"b": 0.0,
		"g": 0.0,
		"r": 1.0
	},
	"material": {
		"metallic": 0.8399999737739563,
		"roughness": 0.8899999856948853
	}
}
