{
	"Transform": {
		"rotate": {
			"w": 1.0,
			"x": 0.0,
			"y": 0.0,
			"z": 0.0
		},
		"scale": {
			"x": 4.0,
			"y": 4.0,
			"z": 4.0
		},
		"translate": {
			"x": -4.325995445251465,
			"y": 0.11999999731779099,
			"z": -10.719230651855469
		}
	},
	"UVTransform": {
		"rotate": 0.0,
		"scale": {
			"x": 1.0,
			"y": 1.0
		},
		"translate": {
			"x": 0.0,
			"y": 0.0
		}
	},
	"color": {
		"a": 1.0,
		"b": 1.0,
		"g": 1.0,
		"r": 1.0
	},
	"material": {
		"metallic": 0.75,
		"roughness": 0.75
	}
}
