{
	"Transform": {
		"rotate": {
			"w": 1.0,
			"x": 0.0,
			"y": 0.0,
			"z": 0.0
		},
		"scale": {
			"x": 2.5,
			"y": 2.5,
			"z": 2.5
		},
		"translate": {
			"x": 17.536245346069336,
			"y": 0.0,
			"z": -11.128191947937012
		}
	},
	"UVTransform": {
		"rotate": 0.0,
		"scale": {
			"x": 1.0,
			"y": 1.0
		},
		"translate": {
			"x": 0.0,
			"y": 0.0
		}
	},
	"color": {
		"a": 1.0,
		"b": 1.0,
		"g": 1.0,
		"r": 1.0
	},
	"material": {
		"metallic": 0.699999988079071,
		"roughness": 0.18000000715255737
	}
}
