{
	"Transform": {
		"rotate": {
			"w": 0.9880114197731018,
			"x": 0.0,
			"y": -0.15438008308410645,
			"z": 0.0
		},
		"scale": {
			"x": 0.4000000059604645,
			"y": 0.4000000059604645,
			"z": 0.4000000059604645
		},
		"translate": {
			"x": -3.0,
			"y": 0.0,
			"z": -12.0
		}
	},
	"UVTransform": {
		"rotate": 0.0,
		"scale": {
			"x": 1.0,
			"y": 1.0
		},
		"translate": {
			"x": 0.0,
			"y": 0.0
		}
	},
	"color": {
		"a": 1.0,
		"b": 1.0,
		"g": 1.0,
		"r": 1.0
	},
	"material": {
		"metallic": 0.15000000596046448,
		"roughness": 0.6399999856948853
	}
}
