{
	"Transform": {
		"rotate": {
			"w": 0.3809058368206024,
			"x": 0.009639785625040531,
			"y": 0.9245604872703552,
			"z": -0.0026596346870064735
		},
		"scale": {
			"x": 2.0,
			"y": 2.200000047683716,
			"z": 2.200000047683716
		},
		"translate": {
			"x": 2.700000047683716,
			"y": 0.0,
			"z": -12.899999618530273
		}
	},
	"UVTransform": {
		"rotate": 0.0,
		"scale": {
			"x": 1.0,
			"y": 1.0
		},
		"translate": {
			"x": 0.0,
			"y": 0.0
		}
	},
	"color": {
		"a": 1.0,
		"b": 1.0,
		"g": 1.0,
		"r": 1.0
	},
	"material": {
		"metallic": 0.0,
		"roughness": 0.4099999964237213
	}
}
