{
	"Transform": {
		"rotate": {
			"w": 1.0,
			"x": 0.0,
			"y": 0.0,
			"z": 0.0
		},
		"scale": {
			"x": 1.0,
			"y": 1.0,
			"z": 1.0
		},
		"translate": {
			"x": 5.409999847412109,
			"y": 0.0,
			"z": -6.230000019073486
		}
	},
	"UVTransform": {
		"rotate": 0.0,
		"scale": {
			"x": 1.0,
			"y": 1.0
		},
		"translate": {
			"x": 0.0,
			"y": 0.0
		}
	},
	"color": {
		"a": 1.0,
		"b": 1.0,
		"g": 1.0,
		"r": 1.0
	},
	"material": {
		"metallic": 0.20999999344348907,
		"roughness": 0.5899999737739563
	}
}
