{
	"Transform": {
		"rotate": {
			"w": 1.0,
			"x": 0.0,
			"y": 0.0,
			"z": 0.0
		},
		"scale": {
			"x": 1.0,
			"y": 1.0,
			"z": 1.0
		},
		"translate": {
			"x": -9.529999732971191,
			"y": 0.0,
			"z": -8.460000038146973
		}
	},
	"UVTransform": {
		"rotate": 0.0,
		"scale": {
			"x": 1.0,
			"y": 1.0
		},
		"translate": {
			"x": 0.0,
			"y": 0.0
		}
	},
	"color": {
		"a": 1.0,
		"b": 1.0,
		"g": 1.0,
		"r": 1.0
	},
	"material": {
		"metallic": 0.12999999523162842,
		"roughness": 0.5799999833106995
	}
}
