{
	"00": {
		"00": {
			"Delay": 0.9700000286102295,
			"XZPosition": {
				"x": 1.6699999570846558,
				"y": -1.7200000286102295
			}
		},
		"01": {
			"Delay": 0.0,
			"XZPosition": {
				"x": -0.6800000071525574,
				"y": 0.0
			}
		},
		"02": {
			"Delay": 0.9800000190734863,
			"XZPosition": {
				"x": 0.8700000047683716,
				"y": 0.0
			}
		},
		"03": {
			"Delay": 0.0,
			"XZPosition": {
				"x": 0.0,
				"y": 0.0
			}
		},
		"04": {
			"Delay": 0.0,
			"XZPosition": {
				"x": 0.0,
				"y": 0.0
			}
		}
	},
	"01": {
		"00": {
			"Delay": 2.549999952316284,
			"XZPosition": {
				"x": 1.909999966621399,
				"y": 0.7699999809265137
			}
		},
		"01": {
			"Delay": 0.7799999713897705,
			"XZPosition": {
				"x": 1.0800000429153442,
				"y": 0.6700000166893005
			}
		},
		"02": {
			"Delay": 0.0,
			"XZPosition": {
				"x": 0.0,
				"y": 0.0
			}
		}
	}
}
