{
	"00": {
		"00": {
			"Delay": 0.0,
			"XZPosition": {
				"x": -9.380000114440918,
				"y": 0.0
			}
		},
		"01": {
			"Delay": 0.0,
			"XZPosition": {
				"x": 9.880000114440918,
				"y": 0.0
			}
		},
		"02": {
			"Delay": 0.0,
			"XZPosition": {
				"x": 0.0,
				"y": -9.760000228881836
			}
		}
	},
	"01": {
		"00": {
			"Delay": 0.0,
			"XZPosition": {
				"x": -9.739999771118164,
				"y": 0.0
			}
		},
		"01": {
			"Delay": 0.7799999713897705,
			"XZPosition": {
				"x": 9.420000076293945,
				"y": 0.15000000596046448
			}
		},
		"02": {
			"Delay": 2.549999952316284,
			"XZPosition": {
				"x": 0.029999999329447746,
				"y": -9.649999618530273
			}
		}
	}
}
