{
	"00": {
		"00": {
			"Delay": 0.0,
			"XZPosition": {
				"x": 0.36000001430511475,
				"y": 0.09000000357627869
			}
		},
		"01": {
			"Delay": 0.18000000715255737,
			"XZPosition": {
				"x": 0.8700000047683716,
				"y": 0.0
			}
		},
		"02": {
			"Delay": 0.09000000357627869,
			"XZPosition": {
				"x": -0.6800000071525574,
				"y": 0.0
			}
		}
	}
}
